Molecule,QED,LogP,SA
1output_25_Fragments_.xyz,0.049651283700034916,0.9152300000000007,6.668530202253828
1output_219_Fragments_.xyz,0.06905463656801886,-1.4581599999999981,6.893936611008654
1output_44_Fragments_.xyz,0.028535761648307813,-2.0460800000000003,7.294937688210852
1output_141_Fragments_.xyz,0.1989601922765623,-0.5410899999999981,8.489980588841819
1output_170_Fragments_.xyz,0.03560184201455548,0.9662400000000004,6.605039126700343
1output_42_Fragments_.xyz,0.04047274628615773,0.4750300000000002,7.6891313025428225
1output_70_Fragments_.xyz,0.03513711702118374,0.8991500000000001,6.58040241745376
1output_281_Fragments_.xyz,0.12749347160553698,-0.8418999999999981,8.307504532986048
1output_354_Fragments_.xyz,0.028822006116113554,-3.1205499999999993,6.2196185698305975
1output_265_Fragments_.xyz,0.03598760185575363,-2.7100699999999978,6.587044525498291
2output_172_Fragments_.xyz,0.03420684396443197,-0.7109300000000001,5.871886958995095
1output_98_Fragments_.xyz,0.02776673793305816,-5.07689,7.493700383413786
1output_278_Fragments_.xyz,0.03840528695378232,-0.3710800000000002,7.320688087049816
2output_35_Fragments_.xyz,0.041723771064192804,-2.2152999999999974,6.341874618530431
1output_54_Fragments_.xyz,0.1329945574239816,-1.3600999999999979,8.555289108647417
1output_333_Fragments_.xyz,0.08779719746390047,2.8505100000000017,7.027311536594364
2output_406_Fragments_.xyz,0.07781227487267951,1.0889400000000005,7.015230623114972
1output_184_Fragments_.xyz,0.06061756542663808,-0.03886000000000012,6.772397070725348
1output_62_Fragments_.xyz,0.17763079227016954,-1.4648799999999975,8.718071362084581
1output_10_Fragments_.xyz,0.0413169080684383,2.433230000000001,5.860398657773548
2output_429_Fragments_.xyz,0.03683641463266301,2.8232200000000014,6.309770983967592
1output_109_Fragments_.xyz,0.08509310736437972,2.9154100000000005,6.742944868531089
1output_345_Fragments_.xyz,0.054111277637709315,-1.0304899999999995,6.893286338781396
1output_317_Fragments_.xyz,0.031286434869562,-0.3871599999999996,6.77180468161895
1output_378_Fragments_.xyz,0.11030694290020146,-0.16474999999999834,8.35400211594309
1output_69_Fragments_.xyz,0.06579240008339952,1.6301300000000005,7.00687273981305
1output_93_Fragments_.xyz,0.032777455943596226,0.65345,6.372732322060186
1output_313_Fragments_.xyz,0.0791168200283395,0.5890200000000001,7.434074839984139
1output_227_Fragments_.xyz,0.08400197633293185,-1.0094799999999982,8.416250174673369
1output_263_Fragments_.xyz,0.12749347160553698,-0.8418999999999981,8.307504532986048
1output_318_Fragments_.xyz,0.03930061508453657,-1.60308,7.703895472301185
1output_251_Fragments_.xyz,0.12749347160553698,-0.8418999999999981,8.307504532986048
1output_78_Fragments_.xyz,0.1702501277150459,-1.2339799999999979,8.565211106510683
1output_139_Fragments_.xyz,0.03507671292762057,1.9077199999999999,7.426743916113016
1output_116_Fragments_.xyz,0.043797342052217775,-0.6252700000000002,7.591038046419312
1output_83_Fragments_.xyz,0.125602049656281,-0.33367999999999803,8.469307971370291
1output_118_Fragments_.xyz,0.04290267212030157,-0.4583799999999999,6.9267313789127885
1output_335_Fragments_.xyz,0.10495902496762624,-1.257629999999998,8.780934814455229
1output_130_Fragments_.xyz,0.04087195445720017,-0.6638500000000002,8.047190978998588
1output_359_Fragments_.xyz,0.052787574084868435,2.37122,7.054932046645097
1output_38_Fragments_.xyz,0.10417733454093998,-1.4413899999999975,8.504273330952259
2output_483_Fragments_.xyz,0.12749347160553698,-0.8418999999999981,8.307504532986048
1output_151_Fragments_.xyz,0.08952961181634982,-2.1509799999999974,8.70860353277932
1output_163_Fragments_.xyz,0.06602361182877865,1.3925200000000004,8.035107614000799
2output_70_Fragments_.xyz,0.1989601922765623,-0.5410899999999981,8.489980588841819
2output_363_Fragments_.xyz,0.0512477013346385,1.3596500000000002,7.987882415739105
1output_179_Fragments_.xyz,0.04348829942901909,1.7037300000000002,7.053055952319523
1output_297_Fragments_.xyz,0.12408152783632533,-0.9915899999999981,8.295652496954675
2output_426_Fragments_.xyz,0.12749347160553698,-0.8418999999999981,8.307504532986048
1output_108_Fragments_.xyz,0.06396380929708552,1.0627300000000002,6.981599739515791
1output_99_Fragments_.xyz,0.043040181652659014,2.6156300000000003,7.3170353793980825
1output_257_Fragments_.xyz,0.04797237286113202,1.3177400000000006,6.734502234243085
1output_334_Fragments_.xyz,0.03562164402620649,-1.3256799999999997,7.640784491612428
2output_580_Fragments_.xyz,0.03420684396443197,-0.7109300000000001,5.871886958995095
1output_341_Fragments_.xyz,0.12749347160553698,-0.8418999999999981,8.307504532986048
1output_321_Fragments_.xyz,0.02915239047777138,-1.8669600000000002,6.673778956287263
2output_200_Fragments_.xyz,0.045913236417580876,-0.16776999999999945,7.5287555718802155
1output_31_Fragments_.xyz,0.18627575824221698,-1.034109999999998,8.859565373507657
1output_285_Fragments_.xyz,0.04770725432972154,0.5739200000000005,7.837080147908227
1output_256_Fragments_.xyz,0.09247460982275159,-2.5057199999999975,8.435196544949953
1output_262_Fragments_.xyz,0.03289830524834077,-0.7715800000000003,7.0353860200289215
1output_24_Fragments_.xyz,0.12749347160553698,-0.8418999999999981,8.307504532986048
1output_34_Fragments_.xyz,0.05627083349480936,-0.77806,7.602507985273695
1output_132_Fragments_.xyz,0.05291443762669479,2.77042,5.07944718483648
1output_280_Fragments_.xyz,0.030997407772141786,-1.3579799999999995,6.417554788093168
2output_409_Fragments_.xyz,0.052948781273556955,1.84952,6.308639430380157
1output_152_Fragments_.xyz,0.05125536712355414,1.3246200000000001,6.8923302197762
2output_460_Fragments_.xyz,0.04891087088322733,0.72652,7.2850018051020085
1output_229_Fragments_.xyz,0.04891087088322733,0.7265200000000003,7.292835655993885
1output_216_Fragments_.xyz,0.12749347160553698,-0.8418999999999981,8.307504532986048
2output_202_Fragments_.xyz,0.07513731036276847,0.15365,7.2932556702099225
2output_599_Fragments_.xyz,0.043017798705376524,-1.1029899999999977,7.106376441130166
1output_344_Fragments_.xyz,0.06482397874070564,1.8508499999999999,7.839810312284248
1output_147_Fragments_.xyz,0.03873164694478209,0.6768500000000001,7.565991432827126
1output_32_Fragments_.xyz,0.0437088755499084,-1.91288,7.074347251429876
1output_264_Fragments_.xyz,0.1909348124870414,-0.8597899999999981,8.520228573810623
1output_376_Fragments_.xyz,0.04317080284453526,1.4747100000000006,7.227400700588379
2output_167_Fragments_.xyz,0.03792319826602214,2.5707299999999997,6.915661437046877
1output_244_Fragments_.xyz,0.05936755216708971,-0.34205999999999936,6.6386442010458815
1output_309_Fragments_.xyz,0.14605865764348044,-1.6039699999999977,8.47170508874514
1output_373_Fragments_.xyz,0.0609144711914793,0.2499399999999998,6.222124796156581
1output_268_Fragments_.xyz,0.19387184768917953,-0.690779999999998,8.485336154018567
1output_111_Fragments_.xyz,0.09908103611486552,-1.8797799999999976,8.413645363810375
1output_18_Fragments_.xyz,0.03377249112488795,-0.14347999999999939,7.663735881863127
2output_422_Fragments_.xyz,0.04317080284453526,1.4747100000000006,7.227400700588379
2output_269_Fragments_.xyz,0.06618511570818464,2.9929300000000008,6.3412847373685155
2output_77_Fragments_.xyz,0.031306892812899036,-1.0082499999999996,6.592815054887388
1output_135_Fragments_.xyz,0.12936824220189774,-0.6344899999999983,8.344812640168554
1output_125_Fragments_.xyz,0.06565568165989832,1.80062,7.058836085994219
1output_117_Fragments_.xyz,0.051168769041592815,1.9311500000000006,5.760072875302381
1output_75_Fragments_.xyz,0.16983900361078968,-1.3410699999999975,8.427649208981666
1output_46_Fragments_.xyz,0.06521462054683379,1.3223299999999998,5.492838902507004
1output_214_Fragments_.xyz,0.03581434194496536,-0.9109499999999999,5.853414326435489
1output_203_Fragments_.xyz,0.06579240008339952,1.6301300000000003,7.00687273981305
1output_153_Fragments_.xyz,0.03147917620224093,-0.13156000000000007,7.0982124521814285
1output_210_Fragments_.xyz,0.03506551638119404,0.058929999999999816,7.092460534623018
1output_96_Fragments_.xyz,0.051954517226897895,-1.0132599999999996,7.400700524608146
1output_235_Fragments_.xyz,0.137561369625362,-1.648799999999998,8.517775957632944
1output_194_Fragments_.xyz,0.17191201574906745,-0.04497999999999808,8.59202573996378
1output_340_Fragments_.xyz,0.11241249371738317,-1.8234899999999983,8.373425588637932
1output_274_Fragments_.xyz,0.05036888028274497,1.3162500000000001,6.0302315222091565
1output_106_Fragments_.xyz,0.11070580317417225,-2.030899999999998,8.337671401277422
2output_245_Fragments_.xyz,0.05125536712355414,1.3246200000000001,6.8923302197762
1output_248_Fragments_.xyz,0.06579240008339952,1.6301300000000003,7.00687273981305
1output_17_Fragments_.xyz,0.17706668719538998,-0.32078999999999813,8.535464718917565
1output_5_Fragments_.xyz,0.04359464563244196,2.31164,6.390934056646966
1output_160_Fragments_.xyz,0.11464039205443109,-1.5631699999999975,8.48494433871523
1output_272_Fragments_.xyz,0.035382597865160334,-1.0170599999999994,7.310805720407631
1output_48_Fragments_.xyz,0.12749347160553698,-0.8418999999999981,8.307504532986048
1output_343_Fragments_.xyz,0.11675860266925746,-0.9980199999999981,8.419999735256999
1output_258_Fragments_.xyz,0.04577705314543397,0.11043999999999984,7.34580663911204
1output_224_Fragments_.xyz,0.04861892193540794,1.5821500000000002,7.702807712226287
2output_339_Fragments_.xyz,0.038590141012353134,1.1812200000000004,6.483185968337354
1output_80_Fragments_.xyz,0.04891087088322733,0.72652,7.2850018051020085
1output_360_Fragments_.xyz,0.12058200203711732,-1.678059999999998,8.699541056987643
1output_201_Fragments_.xyz,0.1989601922765623,-0.5410899999999981,8.489980588841819
1output_267_Fragments_.xyz,0.126307480657792,-0.8533599999999979,8.355594598957456
1output_47_Fragments_.xyz,0.05125536712355414,1.3246200000000001,6.8923302197762
2output_474_Fragments_.xyz,0.057584656737411165,0.6913600000000006,6.408193554048767
2output_327_Fragments_.xyz,0.1989601922765623,-0.5410899999999981,8.489980588841819
1output_266_Fragments_.xyz,0.08969121112525562,-1.4778499999999979,8.459867850512182
1output_33_Fragments_.xyz,0.042500309563312834,-0.3996599999999992,7.3812014350527
1output_207_Fragments_.xyz,0.038494941330714655,3.084110000000001,6.949977800794612
1output_200_Fragments_.xyz,0.04965687842039624,0.7192300000000005,6.902674917147924
1output_296_Fragments_.xyz,0.13488034387820455,-1.7870299999999981,8.458205848373003
1output_211_Fragments_.xyz,0.034144861506251775,-2.745939999999999,7.874274081922184
1output_175_Fragments_.xyz,0.036247149253082846,-0.3063599999999997,8.033427056591805
1output_29_Fragments_.xyz,0.12749347160553698,-0.8418999999999981,8.307504532986048
1output_311_Fragments_.xyz,0.029379479797482254,-0.7544599999999995,5.624856018171277
1output_361_Fragments_.xyz,0.11952530015297548,-3.057319999999998,8.439184580558976
1output_356_Fragments_.xyz,0.03648675322223412,1.0756300000000008,7.319059318900647
1output_171_Fragments_.xyz,0.05028379152438071,1.32054,6.438593391315372
1output_247_Fragments_.xyz,0.03749268357897542,-2.0595499999999993,4.294860981934738
1output_15_Fragments_.xyz,0.12706627913020105,-0.7784999999999981,8.758843804901094
1output_364_Fragments_.xyz,0.06579240008339952,1.6301300000000003,7.00687273981305
1output_112_Fragments_.xyz,0.05781990185034687,-0.09535999999999986,7.361765910065499
1output_273_Fragments_.xyz,0.043141573029382846,-0.9109499999999999,6.081452810184194
2output_189_Fragments_.xyz,0.19555200052665286,-0.6793199999999981,8.440458282926215
1output_119_Fragments_.xyz,0.11108323797110053,-1.2289999999999979,8.665159362376498
1output_45_Fragments_.xyz,0.1541846012573239,-0.6094899999999981,8.509395888150857
1output_167_Fragments_.xyz,0.04241927209532132,2.548010000000001,7.292571654116686
1output_209_Fragments_.xyz,0.04181729059642126,-0.0853799999999996,7.164048118115362
1output_206_Fragments_.xyz,0.03595235537554839,2.017030000000001,6.956618286190597
1output_110_Fragments_.xyz,0.04547008571774248,0.6074499999999998,7.01094934038167
1output_213_Fragments_.xyz,0.039525846898648014,-0.7895599999999997,6.671756899681112
1output_43_Fragments_.xyz,0.03394292365028578,0.59012,7.688728565158952
2output_431_Fragments_.xyz,0.12749347160553698,-0.8418999999999981,8.307504532986048
1output_146_Fragments_.xyz,0.03818141623467693,0.66084,7.090913036110557
1output_292_Fragments_.xyz,0.04805028344945373,2.1840400000000004,7.286761724554468
1output_365_Fragments_.xyz,0.04200993290154892,1.3556300000000006,6.913540336263416
1output_276_Fragments_.xyz,0.04952027623456575,0.4886299999999997,6.9672039746663845
1output_221_Fragments_.xyz,0.042622351363010916,0.37731000000000026,7.593813129561262
2output_591_Fragments_.xyz,0.0411308862046333,-1.44667,6.829435949071173
1output_226_Fragments_.xyz,0.041639876571245626,-0.5185399999999994,6.41348602078363
1output_298_Fragments_.xyz,0.028618976856650886,-3.8316699999999995,6.586343235608306
2output_350_Fragments_.xyz,0.07453670203666975,-0.533369999999999,7.09286405044502
2output_212_Fragments_.xyz,0.03649788173685641,0.7760500000000008,6.376256010914219
1output_301_Fragments_.xyz,0.03791846382354745,1.4278100000000007,7.168046978469053
1output_58_Fragments_.xyz,0.03673045163211341,-2.9243799999999984,6.7936525532170124
2output_4_Fragments_.xyz,0.14617156969211426,-1.6039699999999977,8.484218214511277
2output_615_Fragments_.xyz,0.049604233565729954,0.4128400000000002,7.743653860883096
1output_185_Fragments_.xyz,0.04952027623456575,0.4886299999999997,6.9672039746663845
1output_275_Fragments_.xyz,0.06421894801324536,1.3206499999999999,5.818525903646702
1output_243_Fragments_.xyz,0.1874649240282531,-0.9980199999999982,8.442236890979832
1output_97_Fragments_.xyz,0.042559720436413546,-1.268289999999999,7.706861080760097
1output_122_Fragments_.xyz,0.058691808149307585,-0.8105999999999997,7.82646963054675
1output_326_Fragments_.xyz,0.061488665880754245,0.20950999999999975,7.526617305403175
2output_633_Fragments_.xyz,0.14338395970507808,-1.7421999999999982,8.433919469141332
2output_292_Fragments_.xyz,0.04207870287919636,-1.3173599999999996,5.498778373048337
1output_40_Fragments_.xyz,0.08441215842543882,-2.0487899999999977,8.739262916811096
2output_623_Fragments_.xyz,0.16459864854426923,-1.6039699999999981,8.49950110232003
1output_23_Fragments_.xyz,0.04709525801546917,0.5845500000000001,6.777534187447795
1output_136_Fragments_.xyz,0.04359464563244196,2.31164,6.336341055748515
1output_357_Fragments_.xyz,0.03525663779292501,1.6908000000000005,7.267196545441427
1output_383_Fragments_.xyz,0.18022421895515248,-1.3410699999999975,8.443032900540409
1output_315_Fragments_.xyz,0.05327464835451968,-0.46032999999999985,7.240352436063546
1output_307_Fragments_.xyz,0.12749347160553698,-0.8418999999999981,8.307504532986048
1output_13_Fragments_.xyz,0.047064542165110294,0.0645400000000002,7.4621098899955545
2output_75_Fragments_.xyz,0.1989601922765623,-0.5410899999999981,8.489980588841819
2output_241_Fragments_.xyz,0.038298097894923375,-2.1065699999999983,7.144690276491226
1output_208_Fragments_.xyz,0.041453249040691614,-0.48453999999999947,6.432466901823805
1output_67_Fragments_.xyz,0.04686440012202478,-2.6074699999999984,6.488954967371782
1output_295_Fragments_.xyz,0.04858084253605923,1.9891100000000004,7.446631374991222
1output_270_Fragments_.xyz,0.04515514313385272,0.9788200000000006,8.318369128459725
1output_51_Fragments_.xyz,0.03840528695378232,-0.3710800000000002,7.320688087049816
2output_262_Fragments_.xyz,0.04427239526921371,-0.9399699999999991,7.093438640994539
1output_123_Fragments_.xyz,0.11241249371738317,-1.8234899999999983,8.373425588637932
1output_241_Fragments_.xyz,0.052293202799864685,-0.5935699999999999,7.210244449231835
2output_458_Fragments_.xyz,0.05283868770639906,1.8454199999999996,6.6154497910075065
1output_328_Fragments_.xyz,0.04891087088322733,0.7265200000000002,7.2850018051020085
1output_322_Fragments_.xyz,0.1217954689338513,-0.6793199999999981,8.384621283431809
1output_90_Fragments_.xyz,0.11241249371738317,-1.8234899999999983,8.373425588637932
2output_356_Fragments_.xyz,0.050960541789888625,1.9564400000000002,6.004062947241294
1output_140_Fragments_.xyz,0.11241249371738317,-1.8234899999999983,8.373425588637932
2output_512_Fragments_.xyz,0.2103691956667796,0.2809200000000015,8.556271085148946
2output_196_Fragments_.xyz,0.04167541740054257,0.76613,6.9960128745151176
1output_290_Fragments_.xyz,0.0380020397066161,-0.51807,6.286336799043804
1output_255_Fragments_.xyz,0.10453636779028189,-0.08345999999999845,8.365568177374046
1output_180_Fragments_.xyz,0.028883352690669384,-1.8714700000000002,6.70168078207756
1output_76_Fragments_.xyz,0.05317343011049641,2.9635200000000004,7.3495195302913245
1output_81_Fragments_.xyz,0.058552629879377496,2.8550200000000006,7.3285704946518635
1output_277_Fragments_.xyz,0.06283105492799844,0.4613200000000002,7.221141243022079
1output_320_Fragments_.xyz,0.025094623405846804,-5.264459999999998,7.371256905688412
1output_346_Fragments_.xyz,0.035432436633647764,0.9751400000000006,6.511209677624478
1output_293_Fragments_.xyz,0.06579240008339952,1.6301300000000003,7.00687273981305
1output_129_Fragments_.xyz,0.0328029124244521,-0.89487,7.070612990054503
1output_86_Fragments_.xyz,0.12376197984265701,-2.5418099999999977,8.979041101186164
2output_40_Fragments_.xyz,0.06208757574953814,2.21352,7.2848362392763235
1output_79_Fragments_.xyz,0.037744371297557984,-0.22839000000000034,7.426371447419917
1output_306_Fragments_.xyz,0.08688206164807753,4.11202,6.409448554927008
1output_189_Fragments_.xyz,0.11140206873669506,1.6402400000000001,7.308690824551932
1output_89_Fragments_.xyz,0.08637466688768532,3.526010000000001,7.208411490001434
1output_352_Fragments_.xyz,0.1733583666321909,-2.141819999999998,8.730715883734765
1output_282_Fragments_.xyz,0.0391800227509995,-0.2765899999999996,6.61899886131231
1output_220_Fragments_.xyz,0.10068086199870813,-1.0584599999999977,8.632919974802075
1output_92_Fragments_.xyz,0.04282994539757196,1.6440100000000006,7.113351739579305
1output_304_Fragments_.xyz,0.032753740018618936,1.0130400000000002,7.860346938725147
1output_0_Fragments_.xyz,0.06310666121264952,0.5265900000000001,7.660249405781618
1output_55_Fragments_.xyz,0.09745641724514852,-1.205839999999998,8.357906408032587
1output_305_Fragments_.xyz,0.12408152783632533,-0.9915899999999981,8.295652496954675
1output_323_Fragments_.xyz,0.15660700322441437,-2.0487899999999977,8.514063199865054
1output_196_Fragments_.xyz,0.10773224046046655,-3.9006799999999977,8.500619012347647
1output_363_Fragments_.xyz,0.03581434194496536,-0.9109499999999999,5.940458466786813
2output_185_Fragments_.xyz,0.03976860230745028,-1.883779999999999,6.5917011386611915
1output_120_Fragments_.xyz,0.06251656852169739,0.24875999999999976,7.199330663726766
1output_246_Fragments_.xyz,0.036146214192630234,0.9886800000000001,8.122641165401314
1output_325_Fragments_.xyz,0.17631981337972621,-2.0487899999999977,8.52948911278326
1output_22_Fragments_.xyz,0.12180636228327886,-0.6678799999999985,9.10320350413844
1output_6_Fragments_.xyz,0.03724711238354312,0.9751400000000006,6.511209677624478
1output_103_Fragments_.xyz,0.12749347160553698,-0.8418999999999981,8.307504532986048
1output_228_Fragments_.xyz,0.04327986711099375,2.95683,6.983979188250633
1output_174_Fragments_.xyz,0.03581434194496536,-0.9109499999999999,5.940458466786813
2output_613_Fragments_.xyz,0.03775155022998298,-2.3134700000000006,6.855113754132308
2output_223_Fragments_.xyz,0.03668967927253087,0.03445000000000048,5.784680479584596
1output_172_Fragments_.xyz,0.051461847105134316,1.637820000000001,7.307704861791565
1output_187_Fragments_.xyz,0.0660755074481871,2.2714399999999997,5.278633265171276
1output_134_Fragments_.xyz,0.05959037176332572,-0.32399000000000033,7.124648399598126
1output_56_Fragments_.xyz,0.04871729807424611,-1.8668799999999997,7.779519971366403
1output_9_Fragments_.xyz,0.12408152783632533,-0.9915899999999981,8.295652496954675
2output_465_Fragments_.xyz,0.03740317392405429,1.4402500000000007,6.909858162480811
2output_628_Fragments_.xyz,0.05321881468734406,1.69193,6.854478629141367
1output_347_Fragments_.xyz,0.04709525801546917,0.5845500000000003,6.777534187447795
1output_95_Fragments_.xyz,0.05235319742182962,2.2785200000000003,4.965269583055917
1output_314_Fragments_.xyz,0.05015602674879941,1.2492400000000001,6.601413314267492
1output_239_Fragments_.xyz,0.035438567443343,-0.37363999999999953,6.0027821352916515
1output_4_Fragments_.xyz,0.035919829239251855,-0.34204,6.432602738198312
2output_179_Fragments_.xyz,0.03949977316397343,0.9173200000000001,7.144854111280639
1output_88_Fragments_.xyz,0.051461847105134316,1.6378200000000005,7.2075655828724905
1output_61_Fragments_.xyz,0.025085772779018006,-4.248169999999999,7.455312948274752
1output_291_Fragments_.xyz,0.12749347160553698,-0.8418999999999981,8.307504532986048
2output_76_Fragments_.xyz,0.06579240008339952,1.6301300000000003,7.00687273981305
2output_165_Fragments_.xyz,0.03840528695378232,-0.37108000000000024,7.320688087049816
1output_310_Fragments_.xyz,0.02915239047777138,-1.8669599999999997,6.673778956287263
2output_82_Fragments_.xyz,0.12749347160553698,-0.8418999999999981,8.307504532986048
1output_205_Fragments_.xyz,0.049668084157536305,1.4742400000000004,6.820614764506069
1output_104_Fragments_.xyz,0.04290846626221393,-0.20248000000000002,8.079012799922094
1output_252_Fragments_.xyz,0.037290392987737855,-0.05864000000000009,6.977604966462172
2output_548_Fragments_.xyz,0.0437088755499084,-1.91288,6.847372299711649
1output_271_Fragments_.xyz,0.04305516122958992,2.14492,6.812666929796692
1output_124_Fragments_.xyz,0.10846912287997926,-2.235999999999998,8.609033311771388
1output_353_Fragments_.xyz,0.04166086668472296,4.0200200000000015,6.873552886109143
1output_100_Fragments_.xyz,0.1329395743179695,-3.217589999999998,8.66579712777784
1output_192_Fragments_.xyz,0.049780344690034,0.7974499999999997,6.6005539297305384
1output_19_Fragments_.xyz,0.10841547802832946,-2.5663799999999974,8.862457314883713
1output_59_Fragments_.xyz,0.04547527465412022,-0.1813099999999999,7.734400974793965
1output_138_Fragments_.xyz,0.03689393639900352,-0.4561500000000002,7.938914072543839
1output_253_Fragments_.xyz,0.05204993829537585,1.6261200000000002,7.913272194910194
1output_299_Fragments_.xyz,0.04104261009174114,2.5521100000000008,7.278577487620035
1output_231_Fragments_.xyz,0.03917380808278359,0.9931599999999999,7.34511293417335
1output_302_Fragments_.xyz,0.04857170025763598,2.505030000000001,6.410335634492315
1output_218_Fragments_.xyz,0.028117674647999937,-1.561849999999999,7.093224174797794
1output_362_Fragments_.xyz,0.06405137007380238,2.2791900000000003,7.020151334053372
1output_223_Fragments_.xyz,0.06744051169553829,2.2808200000000007,7.347356763115137
1output_30_Fragments_.xyz,0.023389464753133186,-4.954369999999998,8.241429117630508
1output_21_Fragments_.xyz,0.04263702020396854,1.4063100000000006,7.294298411851682
2output_586_Fragments_.xyz,0.042677504900556176,0.8214900000000009,7.272417607236887
1output_339_Fragments_.xyz,0.10240483510133443,-3.6624099999999977,8.798721471809623
1output_52_Fragments_.xyz,0.039306832361566166,1.11276,6.467228465096819
1output_234_Fragments_.xyz,0.12749347160553698,-0.8418999999999981,8.307504532986048
1output_20_Fragments_.xyz,0.050019821721308845,1.2450300000000003,6.917794161473147
1output_26_Fragments_.xyz,0.02838032068237459,-4.406089999999999,7.478247128641634
1output_165_Fragments_.xyz,0.1402000684777326,-2.030899999999998,8.337671401277422
1output_2_Fragments_.xyz,0.15802149418701814,-1.9472999999999985,8.666051893611161
2output_503_Fragments_.xyz,0.12749347160553698,-0.8418999999999981,8.307504532986048
1output_197_Fragments_.xyz,0.029728074112395194,0.16803999999999997,7.8079535046409285
1output_105_Fragments_.xyz,0.046960968466120134,2.554010000000001,7.771075894878823
1output_198_Fragments_.xyz,0.04537751953352733,0.6080599999999999,6.149427691206797
1output_286_Fragments_.xyz,0.06643321974971979,2.9314300000000006,7.109648444461825
1output_149_Fragments_.xyz,0.04822334100385552,1.3499700000000001,7.750948295185914
1output_85_Fragments_.xyz,0.12749347160553698,-0.8418999999999981,8.307504532986048
1output_230_Fragments_.xyz,0.032253513004835616,0.03392999999999985,6.888329336047685
1output_193_Fragments_.xyz,0.04294118445588237,1.8665200000000006,7.384968309189009
1output_53_Fragments_.xyz,0.04271203216960429,1.2592400000000006,7.008984054109431
1output_375_Fragments_.xyz,0.04396758480773923,-0.8283599999999994,7.585087528571591
1output_27_Fragments_.xyz,0.050884222547145065,1.8039000000000003,6.68597594060715
1output_342_Fragments_.xyz,0.03831988470347308,1.7759400000000003,6.568230941633153
1output_370_Fragments_.xyz,0.06502153909470966,-2.548659999999998,8.812554226647606
1output_195_Fragments_.xyz,0.05936755216708971,-0.3420599999999995,6.6386442010458815
2output_240_Fragments_.xyz,0.12749347160553698,-0.8418999999999981,8.307504532986048
1output_74_Fragments_.xyz,0.03788770461013026,1.28933,6.559158215247395
1output_158_Fragments_.xyz,0.037676895995406946,1.5147400000000006,7.275123873183855
1output_131_Fragments_.xyz,0.1785876888118495,-0.9410799999999976,8.451762311827391
1output_3_Fragments_.xyz,0.126307480657792,-0.853359999999998,8.355594598957456
1output_327_Fragments_.xyz,0.05255182076081143,1.7778300000000007,7.425400889765913
1output_269_Fragments_.xyz,0.04838691907424914,2.20025,6.468597180780787
1output_331_Fragments_.xyz,0.0380020397066161,-0.51807,6.286336799043804
1output_166_Fragments_.xyz,0.06025411178659502,0.33624,7.761606828566483
1output_14_Fragments_.xyz,0.0609841906737654,0.026300000000000094,7.229963213575514
1output_91_Fragments_.xyz,0.043708061321358745,-0.9742599999999999,6.063748524381671
1output_294_Fragments_.xyz,0.037344793050029156,1.5648300000000002,7.865603276390476
1output_155_Fragments_.xyz,0.12749347160553698,-0.8418999999999981,8.307504532986048
1output_181_Fragments_.xyz,0.035699949616174356,-0.37057000000000007,7.278565641981219
1output_237_Fragments_.xyz,0.11442087937740175,0.036310000000001785,8.518899653413618
1output_77_Fragments_.xyz,0.04118640796842421,0.8815400000000002,6.43380583889126
1output_368_Fragments_.xyz,0.09676358857243934,-3.5811199999999976,8.807378233521629
1output_261_Fragments_.xyz,0.041745151989068675,-1.1977199999999997,6.734678190907432
1output_202_Fragments_.xyz,0.19526154611806332,-0.5710899999999978,8.557269273394635
1output_159_Fragments_.xyz,0.21863766679581859,0.03631000000000187,8.59488816934655
1output_28_Fragments_.xyz,0.04709525801546917,0.58455,6.777534187447795
1output_64_Fragments_.xyz,0.04880559196049818,-4.186199999999999,7.650882783936301
1output_8_Fragments_.xyz,0.03722146384695401,-2.682359999999998,6.793687134213658
1output_355_Fragments_.xyz,0.1314768469006316,-0.5410899999999981,8.445299609999031
1output_162_Fragments_.xyz,0.03909652699505453,0.5845500000000003,6.708796369653118
1output_372_Fragments_.xyz,0.12392166945542724,-0.5410899999999981,8.438119497296675
1output_232_Fragments_.xyz,0.05034261124090691,1.1100300000000007,7.285380201148581
1output_215_Fragments_.xyz,0.03875088440468173,-1.3011399999999989,7.360051257895665
1output_39_Fragments_.xyz,0.12075241158118645,-0.690779999999998,8.433196391358026
1output_50_Fragments_.xyz,0.12433318932674049,-0.537589999999998,8.778951657871817
2output_601_Fragments_.xyz,0.1406422798480487,1.0730300000000004,6.928492111558142
1output_199_Fragments_.xyz,0.12749347160553698,-0.8418999999999981,8.307504532986048
1output_66_Fragments_.xyz,0.028883352690669384,-1.8714700000000004,6.70168078207756
1output_94_Fragments_.xyz,0.1338868957355755,-0.8597899999999976,8.486400092111676
1output_338_Fragments_.xyz,0.04181116335297312,-0.43883999999999984,6.728343984493778
1output_336_Fragments_.xyz,0.041274264359319364,0.6445300000000003,7.0731153772092785
2output_366_Fragments_.xyz,0.06421894801324536,1.3206499999999999,5.818525903646702
1output_126_Fragments_.xyz,0.13671997596680058,-0.784959999999998,8.355009474394134
2output_463_Fragments_.xyz,0.042500309563312834,-0.3996599999999992,7.3812014350527
2output_258_Fragments_.xyz,0.047610549940458026,2.193150000000001,7.262108713436506
2output_226_Fragments_.xyz,0.052948781273556955,1.84952,6.308639430380157
2output_445_Fragments_.xyz,0.04975631146621207,4.078910000000002,6.909166441106312
1output_127_Fragments_.xyz,0.10235180292709023,-1.6487999999999974,8.464849171026575
1output_225_Fragments_.xyz,0.12835759574656683,-0.7606099999999981,8.372920862653746
1output_173_Fragments_.xyz,0.15690021180218985,-1.8983199999999982,8.491242004369596
1output_358_Fragments_.xyz,0.056119325821439484,-0.19975999999999927,7.320691070552046
1output_204_Fragments_.xyz,0.15817592672224945,-0.4597999999999981,8.513846895130616
2output_163_Fragments_.xyz,0.05321881468734406,1.69193,6.9295992655296965
1output_369_Fragments_.xyz,0.03868219244747407,-0.08367000000000036,7.360248120285861
1output_168_Fragments_.xyz,0.05024564866336703,-1.5289799999999993,7.381011091006412
1output_238_Fragments_.xyz,0.12749347160553698,-0.8418999999999981,8.307504532986048
2output_132_Fragments_.xyz,0.0411308862046333,-1.44667,6.829435949071173
1output_183_Fragments_.xyz,0.12749347160553698,-0.8418999999999981,8.307504532986048
1output_157_Fragments_.xyz,0.06409432778932644,0.5675399999999993,7.370358561289319
1output_82_Fragments_.xyz,0.03947109325387284,-0.16557999999999962,7.101054401727272
1output_12_Fragments_.xyz,0.12270298629963787,-0.5531999999999982,8.356662594831162
1output_36_Fragments_.xyz,0.04069305127828317,-0.79739,7.459457588750102
2output_582_Fragments_.xyz,0.12749347160553698,-0.8418999999999981,8.307504532986048
1output_351_Fragments_.xyz,0.07675353250234986,1.5296000000000003,6.897767626046981
1output_190_Fragments_.xyz,0.0800754703724285,1.9707699999999997,6.388375175199446
1output_233_Fragments_.xyz,0.040600970278388264,-1.9543799999999998,6.44916050272475
1output_349_Fragments_.xyz,0.0622571323911779,0.2611000000000002,7.86818910096225
1output_300_Fragments_.xyz,0.04547008571774248,0.6074499999999998,7.01094934038167
1output_177_Fragments_.xyz,0.04733266240105016,0.0776000000000003,7.459962999894097
1output_121_Fragments_.xyz,0.06191317867682868,0.7631199999999998,7.571190118271562
1output_254_Fragments_.xyz,0.04847109492352525,2.2161600000000004,7.57388237913469
1output_332_Fragments_.xyz,0.12749347160553698,-0.8418999999999981,8.307504532986048
1output_114_Fragments_.xyz,0.126307480657792,-0.8533599999999979,8.355594598957456
2output_596_Fragments_.xyz,0.047326495111826315,2.5674200000000007,6.955623347580289
1output_374_Fragments_.xyz,0.034819977407948795,0.15852000000000013,7.506934850064965
1output_222_Fragments_.xyz,0.12708283674403567,-0.7720699999999979,8.404072337437865
1output_316_Fragments_.xyz,0.12749347160553698,-0.8418999999999981,8.307504532986048
2output_47_Fragments_.xyz,0.06134409397253429,1.440250000000001,6.921058023615208
1output_176_Fragments_.xyz,0.09164479252572973,-1.272459999999998,8.393656920525242
1output_169_Fragments_.xyz,0.04952027623456575,0.4886299999999997,6.9672039746663845
1output_182_Fragments_.xyz,0.1334875678604367,-0.8354399999999982,8.494025511882159
1output_212_Fragments_.xyz,0.032624239177845786,-0.08275999999999986,6.758541886378452
1output_303_Fragments_.xyz,0.12749347160553698,-0.8418999999999981,8.307504532986048
1output_37_Fragments_.xyz,0.16490238067766008,-2.1300799999999978,8.506119491298278
1output_236_Fragments_.xyz,0.03947543673933766,0.12611999999999995,6.796256005267175
1output_259_Fragments_.xyz,0.06579240008339952,1.6301300000000005,7.00687273981305
1output_250_Fragments_.xyz,0.036552341473456436,0.49963,8.16513086386957
1output_57_Fragments_.xyz,0.04350183001916086,0.20506000000000044,7.877199224882936
1output_154_Fragments_.xyz,0.1509806268051095,-2.3674899999999974,8.51661141628822
1output_288_Fragments_.xyz,0.10720473106266405,-2.894739999999998,8.463028301892876
1output_161_Fragments_.xyz,0.060430588123635644,0.004020000000000218,7.3136522855563575
2output_116_Fragments_.xyz,0.04709525801546917,0.58455,6.777534187447795
1output_240_Fragments_.xyz,0.12749347160553698,-0.8418999999999981,8.307504532986048
1output_381_Fragments_.xyz,0.03821604356629328,1.6378200000000007,7.226432383718798
1output_242_Fragments_.xyz,0.12749347160553698,-0.8418999999999981,8.307504532986048
1output_113_Fragments_.xyz,0.036929690154965576,-0.8698699999999989,6.341213836901317
1output_188_Fragments_.xyz,0.04947491438314844,-0.4215899999999989,7.64291456613959
1output_133_Fragments_.xyz,0.04608125328412352,0.9989500000000002,7.178590954665601
2output_64_Fragments_.xyz,0.050061961073735124,1.0139300000000002,7.560258241361072
1output_35_Fragments_.xyz,0.04709525801546917,0.5845500000000003,6.777534187447795
2output_383_Fragments_.xyz,0.051741810334422295,1.1533400000000003,7.0300941114016045
1output_312_Fragments_.xyz,0.050036304972757455,1.52123,8.135708444243976
1output_148_Fragments_.xyz,0.03469568251306642,0.4384300000000003,6.778938221573406
2output_194_Fragments_.xyz,0.03538111288124598,0.21313,6.778898078334983
1output_60_Fragments_.xyz,0.04317080284453526,1.4747100000000006,7.227400700588379
1output_379_Fragments_.xyz,0.12970543023053796,-0.703669999999998,8.36654456869319
1output_107_Fragments_.xyz,0.06383791222614138,1.885830000000001,7.201922262838919
2output_616_Fragments_.xyz,0.0506741246827781,1.8437400000000006,4.400837546532444
1output_366_Fragments_.xyz,0.050960541789888625,1.95644,6.004062947241294
1output_371_Fragments_.xyz,0.029090243428385218,-2.0994800000000002,7.233860769876824
2output_187_Fragments_.xyz,0.12749347160553698,-0.8418999999999981,8.307504532986048
1output_380_Fragments_.xyz,0.0506741246827781,1.8437400000000006,4.400837546532444
1output_87_Fragments_.xyz,0.040600970278388264,-1.9543799999999998,6.44916050272475
1output_330_Fragments_.xyz,0.0378962419451541,1.43643,6.846962650551571
1output_289_Fragments_.xyz,0.12749347160553698,-0.8418999999999981,8.307504532986048
1output_16_Fragments_.xyz,0.04200993290154892,1.3556300000000006,6.97387858763914
1output_329_Fragments_.xyz,0.0289658095503533,-0.6515599999999997,8.057409490313908
1output_102_Fragments_.xyz,0.04214116444264414,1.8204100000000007,7.016251500675612
1output_65_Fragments_.xyz,0.048044222862657374,1.27535,7.019595109355978
1output_178_Fragments_.xyz,0.15694096138151933,-1.4170399999999979,8.552940279610166
1output_73_Fragments_.xyz,0.12749347160553698,-0.8418999999999981,8.307504532986048
2output_539_Fragments_.xyz,0.1272101014048055,-0.12626999999999816,8.499553072730924
1output_145_Fragments_.xyz,0.029327893324423836,-1.1377700000000006,7.14930411948042
2output_18_Fragments_.xyz,0.05035256903453745,1.7356200000000002,6.706500494639226
1output_150_Fragments_.xyz,0.07992809877637909,2.1767400000000006,5.9309529033097395
1output_84_Fragments_.xyz,0.03722146384695401,-2.682359999999998,6.793687134213658
1output_245_Fragments_.xyz,0.1612785896041823,-1.787029999999998,8.505488625924219
1output_142_Fragments_.xyz,0.030328184889361825,-0.3314699999999999,7.226976703493345
1output_68_Fragments_.xyz,0.036217676303136104,-0.5334900000000002,7.180020740942559
1output_377_Fragments_.xyz,0.06794376196617359,3.129910000000001,7.2436478016513135
1output_156_Fragments_.xyz,0.06579240008339952,1.6301300000000003,7.00687273981305
1output_186_Fragments_.xyz,0.12749347160553698,-0.8418999999999981,8.307504532986048
1output_382_Fragments_.xyz,0.03992357946474852,1.43763,8.073371921191393
1output_283_Fragments_.xyz,0.05125536712355414,1.3246200000000001,6.8923302197762
